--Insert data

Insert INTO Price_Details values 
('Battle Chef Brigade Deluxe','Nintendo', 19.99 ),

('Octopath Traveler','Nintendo',59.99),
('Octopath Traveler','GameStop',59.99),
('Octopath Traveler','BestBuy',59.99),

('Labyrinth of Refrain:Coven of Dusk','Nintendo',49.99),
('Labyrinth of Refrain:Coven of Dusk','GameStop',29.99),

('Final Fantasy IX', 'Nintendo',20.99 ),
('Unepic','Nintendo',9.99),

('Disgaea 1 Complete','Nintendo',49.99),
('Disgaea 1 Complete', 'GameStop',34.99),
('Disgaea 1 Complete','BestBuy',0.00 ),

('Icey', 'Nintendo',9.99),
('Heroine Anhem zero episode 1','Nintendo',12.99 ),

('Fire Emblem: Three Houses','Nintendo',59.99),
('Fire Emblem: Three Houses','GameStop',59.99),
('Fire Emblem: Three Houses','BestBuy',59.99),
('Fire Emblem: Three Houses','Target',47.99),
('Fire Emblem: Three Houses','Walmart',50.00),

('Undertale','Nintendo',14.99 ),
('Undertale','BestBuy',29.99 ),

('Final Fantasy XII: The Zodiac Age','Nintendo',49.99),
('Final Fantasy XII: The Zodiac Age','GameStop',39.99),
('Final Fantasy XII: The Zodiac Age','BestBuy',38.99),
('Final Fantasy XII: The Zodiac Age','Walmart',19.99),

('The Elder Scrolls V: Skyrim','Nintendo',59.99),
('The Elder Scrolls V: Skyrim','GameStop',59.99 ),
('The Elder Scrolls V: Skyrim','BestBuy',52.99 ),
('The Elder Scrolls V: Skyrim','Target',49.99 ),
('The Elder Scrolls V: Skyrim','Walmart',49.94 ),

('ASTRAL CHAIN','Nintendo',59.99),
('ASTRAL CHAIN','GameStop',59.99),
('ASTRAL CHAIN','BestBuy',0.00),
('ASTRAL CHAIN','Target',59.99),
('ASTRAL CHAIN','Walmart',59.99),

('Guacamelee! Super Turbo Championship Edition','Nintendo',14.99),
('Oninaki','Nintendo',49.99),

('Ys VIII: Lacrimosa of DANA','Nintendo',59.99),
('Ys VIII: Lacrimosa of DANA','GameStop',54.99),
('Ys VIII: Lacrimosa of DANA','Walmart',59.99),

('Spyro: Reignited Trilogy','Nintendo',39.99),
('Spyro: Reignited Trilogy','GameStop',37.99),
('Spyro: Reignited Trilogy','BestBuy',39.99),
('Spyro: Reignited Trilogy','Target',33.49),
('Spyro: Reignited Trilogy','Walmart',33.00),

('Hellblade: Senua''s Sacrifice','Nintendo',29.99),
('Final Fantasy VII Remastered','Nintendo',19.99),

('Dragon Quest XI S: Echoes of an Elusive Age','Nintendo',49.99),
('Dragon Quest XI S: Echoes of an Elusive Age','GameStop',49.99),
('Dragon Quest XI S: Echoes of an Elusive Age','BestBuy',49.99),
('Dragon Quest XI S: Echoes of an Elusive Age','Target',49.99),
('Dragon Quest XI S: Echoes of an Elusive Age','Walmart',44.88),

('Blasphemous','Nintendo',24.99),
('Mistover','Nintendo',29.99),

('Raging Loop','Nintendo',29.99),
('Raging Loop','GameStop',19.99),

('Assain''s Crreed: The Rebel Collection','Nintendo',39.99),
('Assain''s Crreed: The Rebel Collection','GameStop',39.99),
('Assain''s Crreed: The Rebel Collection','BestBuy',39.99),
('Assain''s Crreed: The Rebel Collection','Walmart',39.99),

('The Grisaia Trilogy','Nintendo',59.99),
('The World Next door','Nintendo',9.99),
('Atelier Dusk Trilogy Deluxe Pack','Nintendo',89.99),

('Tokyo Mirage Sessions #FE Encore','Nintendo',59.99),
('Tokyo Mirage Sessions #FE Encore','GameStop',59.99),
('Tokyo Mirage Sessions #FE Encore','BestBuy',0.00),
('Tokyo Mirage Sessions #FE Encore','Target',59.99),
('Tokyo Mirage Sessions #FE Encore','Walmart',59.99),

('Disgaea 4 Complete +', 'Nintendo',49.99),
('Fallen Legion: Rise to Glory','Nintendo',39.99),
('Infernium','Nintendo',24.95),
--('Samurai Shodown DELUXE PACK';

('Pokemon Mystery Dungeon Rescue Team DX','Nintendo',59.99),
('Pokemon Mystery Dungeon Rescue Team DX','GameStop',59.99),
('Pokemon Mystery Dungeon Rescue Team DX','BestBuy',59.99),
('Pokemon Mystery Dungeon Rescue Team DX','Target',59.99),
('Pokemon Mystery Dungeon Rescue Team DX','Walmart',54.16),
('Pokemon Mystery Dungeon Rescue Team DX','Pokemon Center',59.99),


--'Power Rangers: Battle for the Grid - Collector''s Edition',
--('Guacamelee 2 Complete',
('3000th Duel','Nintendo',14.99),
('KATANA KAMI: A Way of th eSamurai Story','Nintendo',29.99),
('Dead or School','Nintendo',29.99),

('River City Girls','Nintendo',29.99),
('River City Girls','BestBuy',0.00),

('The Fox Awaits Me','Nintendo',44.99),
--('Little Busters! Converted Edition',,,

('Trials of Mana','Nintendo',49.99),
('Trials of Mana','GameStop', 39.99),
('Trials of Mana','BestBuy',39.99),
('Trials of Mana','Target',36.99),
('Trials of Mana','Walmart',19.99),
('Trials of Mana','Amazon',29.59),


('Naruto Shippuden: Ultimate Ninja Storm 4','Nintendo',49.99),

('BioShock: The Collection','Nintendo',49.99 ),
('BioShock: The Collection','GameStop',19.99 ),
('BioShock: The Collection','BestBuy',19.99 ),
('BioShock: The Collection','Walmart',20.95 ),
('BioShock: The Collection','Amazon',19.99 ),

('Catherine: Full body','Nintendo',49.99 ),
('Catherine: Full body','GameStop',27.99 ),
('Catherine: Full body','BestBuy',29.99 ),
('Catherine: Full body','Target',38.99 ),
('Catherine: Full body','Walmart',29.99),

('Under Night In-Birth Exe:Late (cl-r)','Nintendo',39.99),
('Under Night In-Birth Exe:Late (cl-r)','BestBuy',29.99),

--('Tokyo School Life',
('Ashen', 'Nintendo',39.99),
('Brigandine: The Legend of Runersia','Nintendo',49.99),
('Cuphead','Nintendo',19.99),
--('Grisaia Phantom Trigger 01&02',,
('Crysis Remastered','Nintendo',29.99),
('Fairy Fencer F: Advent Dark Force','Nintendo',29.99),

('Megadimension Neptunia VII','Nintendo',29.99),

('Super Neptunia RPG','Nintendo',39.99),
('Super Neptunia RPG','GameStop',15.97),
('Super Neptunia RPG','BestBuy',42.99),

--('Fairy Tail Digital Deluxe',,

('Darksiders Genesis','Nintendo',39.99),
('Darksiders Genesis','GameStop',27.99),
('Darksiders Genesis','BestBuy',29.99),
('Darksiders Genesis','Walmart',37.48),

('Langrisser I&II','Nintendo',49.99),
('Langrisser I&II','GameStop',36.97),
('Langrisser I&II','BestBuy',49.99),

('Grimvalor','Nintendo',12.99),
('Final Fantasy Crystal Chronoicles Remastered Edition','Nintendo',29.99),

('The Legend of Zelda: Link''s Awakening','Nintendo',59.99),
('The Legend of Zelda: Link''s Awakening','GameStop',59.99),
('The Legend of Zelda: Link''s Awakening','BestBuy',59.99),
('The Legend of Zelda: Link''s Awakening','Target',59.99),
('The Legend of Zelda: Link''s Awakening','Amazon',49.94),

--('Pokemon Sword',,

('Hades','Nintendo',24.99 ),
('Hades','GameStop',34.99 ),
('Hades','BestBuy',24.99 ),
('Hades','Target',34.99 ),

('Ori and the Will of the Wisps','Nintendo',29.99),

('Ori and the Blind Forest: Definitive Edition','Nintendo',19.99),
('Valkyria Chronicles','Nintendo',19.99),
('Ys Origin','Nintendo',19.99),

('Hyrule Warriors: Age of Calamity','Nintendo',59.99),
('Hyrule Warriors: Age of Calamity','GameStop',59.99),
('Hyrule Warriors: Age of Calamity','BestBuy',59.99),
('Hyrule Warriors: Age of Calamity','Target',59.99),
('Hyrule Warriors: Age of Calamity','Walmart',59.88),
('Hyrule Warriors: Age of Calamity','Amazon',59.99),

('Prinny: Can I Really Be the Hero','Nintendo',19.99),
('Collection of SaGa Final Fantasy Legend','Nintendo',19.99),
--('MONSTER HUNTER RISE Deluxe Edition',,

('Sakuna: Of Rice and Ruin','Nintendo',39.99),
('Sakuna: Of Rice and Ruin','BestBuy',39.99),
('Sakuna: Of Rice and Ruin','Amazon',29.99),

('John Wick Hex','Nintendo',19.99),
('Altenate Jake Hunter: DAEDALUS The Awakening of Golden Jazz','Nintendo',39.99),

('Immortals Fenyx rising','Nintendo',59.99),
('Immortals Fenyx rising','GameStop',29.99),
('Immortals Fenyx rising','BestBuy',59.99),
('Immortals Fenyx rising','Target',59.99),
('Immortals Fenyx rising','Amazon',29.99),

('Re:ZERO -Starting Life in Another World- The Prophecy ','Nintendo',59.99),
('Re:ZERO -Starting Life in Another World- The Prophecy ','GameStop',39.99),
('Re:ZERO -Starting Life in Another World- The Prophecy ','BestBuy',59.99),
('Re:ZERO -Starting Life in Another World- The Prophecy ','Target',49.99),
('Re:ZERO -Starting Life in Another World- The Prophecy ','Amazon',49.99),

('Morbid The Seven Acolytes','Nintendo',24.99),
('Shiren the Wanderer: The Tower of Fortune and the ','Nintendo',19.99),
('Death and Taxes','Nintendo',12.99),
('Ring of Pain','Nintendo',19.99),
('Star OCEAN First Departure R','Nintendo',20.99),
('We: The Revolution','Nintendo',19.99),
('Okami HD','Nintendo',19.99),
('Scourge Bringer','Nintendo',16.99),

('Animal Crossing','Nintendo',59.99),
('Animal Crossing','GameStop',59.99),
('Animal Crossing','BestBuy',59.99),
('Animal Crossing','Target',59.99),
('Animal Crossing','Amazon',44.99),

('The Legend of Zelda: Skyward Sword  HD','Nintendo',59.99),
('The Legend of Zelda: Skyward Sword  HD','GameStop',59.99),
('The Legend of Zelda: Skyward Sword  HD','BestBuy',59.99),
('The Legend of Zelda: Skyward Sword  HD','Target',59.99),
('The Legend of Zelda: Skyward Sword  HD','Walmart',59.88),
('The Legend of Zelda: Skyward Sword  HD','Amazon',59.88),

('Saviors of Sapphire Wings/Stranger of Sword City Revisted','Nintendo',49.99),
('Saviors of Sapphire Wings/Stranger of Sword City Revisted','GameStop',49.99),
('Saviors of Sapphire Wings/Stranger of Sword City Revisted','BestBuy',49.99),
('Saviors of Sapphire Wings/Stranger of Sword City Revisted','Target',49.99),
('Saviors of Sapphire Wings/Stranger of Sword City Revisted','Walmart',51.19),

--('shin Megami Tensei III Nocturne HD Remaster Digital Deluxe Edition',
('Blue Fire','Nintendo',19.99),

('Pokemon Brillant Diamond and Pokemon Shining Pearl','Nintendo',119.99),
('Pokemon Brillant Diamond and Pokemon Shining Pearl','BestBuy',119.99),
('Pokemon Brillant Diamond and Pokemon Shining Pearl','Target',119.99),
('Pokemon Brillant Diamond and Pokemon Shining Pearl','Amazon',119.98),

('Pokemon Legends: Arceus','Nintendo',59.99),
('Pokemon Legends: Arceus','GameStop',59.99),
('Pokemon Legends: Arceus','BestBuy',59.99),
('Pokemon Legends: Arceus','Target',59.99),
('Pokemon Legends: Arceus','Amazon',59.88),

--('Power Rangers: Battle for the Grid Super Edition',

('Disagea 6: Defiance of Destiny','Nintendo',59.99),
('Disagea 6: Defiance of Destiny','Target',59.99),

('Wicce','Nintendo',7.99),
('Ninja Gaiden: Master Collection','Nintendo',39.99),
('Inexistence Rebirth','Nintendo',8.99),
('ENDER LILIES: Quietus of the Knights','Nintendo',24.99),

('World''s End Club','Nintendo',39.99 ),
('World''s End Club','BestBuy',49.99 ),
('World''s End Club','Target',49.99 ),
('World''s End Club','Walmart',49.99 );


Insert INTO Gaming_Details values 
('Battle Chef Brigade Deluxe','Adult Swim Games','2017-11-20','Action, Role-Playing, Puzzle Platformer','online'),
('Octopath Traveler','Nintendo','2018-07-13','Adventure, Role-Playing','Both'),
('Labyrinth of Refrain:Coven of Dusk', 'NIS America', '2018-09-18','Role-Playing', 'Both'),
('Final Fantasy IX', 'Square Enix', '2019-02-13','Role-Playing', 'Digital'),
('Unepic','Unepic fran', '2017-12-15', 'Platformer, Role-Playing', 'Digital'),
('Disgaea 1 Complete', 'Nis America','2018-10-09', 'Adventure, Action, Role-Playing', 'Both'),
('Icey', 'X.D.Network', '2018-05-31', 'Action, Role-Playing, Adventure, Fighting', 'Digital'),
('Heroine Anhem zero episode 1', 'Winking','2019-05-23', 'Action, Adventure, Role-Playing', 'Digital'),
('Fire Emblem: Three Houses', 'Nintendo','2019-07-26', 'Adventure, Role-Playing', 'Both'),
('Undertale', '8-4', '2018-09-18', 'Indie, Role-Playing', 'Both'),
('Final Fantasy XII: The Zodiac Age','Square Enix','2019-04-30','Role-Playing', 'Both'),
('The Elder Scrolls V: Skyrim', 'Bethesda','2017-11-17', 'Action, Role-Playing','Both'),
('ASTRAL CHAIN', 'Nintendo', '2019-08-30', 'Action','Both'),
('Guacamelee! Super Turbo Championship Edition','DrinkBox Studios','2018-10-08','Platformer, Action','Digital'),
('Oninaki','Square Enix', '2019-08-22', 'Adventure, Action, Role-Playing','Digital'),
('Ys VIII: Lacrimosa of DANA','NIS America', '2018-06-26','Role-Playing', 'Digital'),
('Spyro: Reignited Trilogy','Activison','2019-09-03', 'Platformer, Adventure','Both'),
('Hellblade: Senua''s Sacrifice','Ninja Theory Ltd', '2019-04-11','Adventure, Action', 'Digital'),
('Final Fantasy VII Remastered','Square Enix', '2019-09-03', 'Role-Playing','Digital'),
('Dragon Quest XI S: Echoes of an Elusive Age','Nintendo', '2019-09-27','Adventure, Role-Playing', 'Digital'),
('Blasphemous','Team 17', '2019-09-10','Indie, Role-Playing, Platformer, Action, Adventure','Digital'),
('Mistover', 'KRAFTON, Bluehole', '2019-10-19','Role-Playing, Strategy, Adventure', 'Digital'),
('Raging Loop','PQube', '2019-10-22', 'Adventure, Other','Digital'),
('Assain''s Crreed: The Rebel Collection','Ubisoft', '2019-12-06', 'Adventure, Action, Role-Playing', 'Both'),
('The Grisaia Trilogy','PROTOTYPE','2019-11-07','Adventure', 'Digital'),
('The World Next door', 'VIZ Media', '2019-03-28', 'Action, Puzzle, Adventure, Indie','Digital'),
('Atelier Dusk Trilogy Deluxe Pack','KOEI TECMO AMERICA', '2020-01-14','Role-Playing','Digital'),
('Tokyo Mirage Sessions #FE Encore','Nintendo', '2020-01-17','Role-Playing','Digital'),
('Disgaea 4 Complete +', 'NIS AMERICA', '2019-10-29', 'Role-Playing, Strategy, Action','Digital'),
('Fallen Legion: Rise to Glory','NIS America','2018-05-29', 'Action','Digital'),
('Infernium','Undergames','2018-04-05', 'Adventure, Puzzle, First-Person, Platformer','Digital'),
--('Samurai Shodown DELUXE PACK';
('Pokemon Mystery Dungeon Rescue Team DX','Nintendo', '2020-03-06', 'Adventure,Role-Playing', 'Both'),
--'Power Rangers: Battle for the Grid - Collector''s Edition',
--('Guacamelee 2 Complete',
('3000th Duel','Neopopcorn', '2020-02-19','Adventure, Platformer, Action, Role-Playing', 'Digital'),
('KATANA KAMI: A Way of th eSamurai Story','Spike Chunsoft US', '2020-02-20','Action,Role-Playing','Digital'),
('Dead or School', 'Marvelous Entertainment','2020-03-13','Role-Playing, Action','Digital'),
('River City Girls','WayForward','2019-09-05','Fighting, Multiplayer, Arcade, Adventure','Digital'),
('The Fox Awaits Me','COSEN', '2020-04-16','Adventure, Other', 'Digital'),
--('Little Busters! Converted Edition',,,
('Trials of Mana','Square Enix','2020-04-24','Action, Role-Playing', 'Both'),
('Naruto Shippuden: Ultimate Ninja Storm 4','Bandai Namco Entertainment', '2020-04-24', 'Action, Adventure, Fighting, Role-Playing','Digital'),
('BioShock: The Collection', 'Take-Two Interactive', '2020-05-29','First-Person, Action','Both'),
('Catherine: Full body', 'Sega','2020-07-07','Action, Puzzle, Multiplayer','Both'),
('Under Night In-Birth Exe:Late (cl-r)','Aksys Games', '2020-02-20', 'Fighting', 'Both'),
--('Tokyo School Life',
('Ashen','Annapurna Interactive', '2019-12-09', 'Role-Playing, Action, Adventure, Multiplayer', 'Digital'),
('Brigandine: The Legend of Runersia','Happinet Corporation', '2020-06-25', 'Simulation, Strategy, Role-Playing', 'Digital'),
('Cuphead','Studio MDHR', '2019-04-18','Indie, Platformer, Action, Arcade','Digital'),
--('Grisaia Phantom Trigger 01&02',,
('Crysis Remastered','Crytek', '2020-07-23','First-Person, Action','Digital'),
('Fairy Fencer F: Advent Dark Force','Idea Factory', '2019-01-17','Role-Playing','Digital'),
('Megadimension Neptunia VII','Idea Factory', '2020-07-28','Role-Playing','Digital'),
('Super Neptunia RPG','Idea Factory', '2019-06-25','Role-Playing, Platformer','Both'),

--('Fairy Tail Digital Deluxe',,
('Darksiders Genesis','THQ Nordic','2020-02-14','Action, Adventure','Both'),
('Langrisser I&II','NIS America', '2020-03-10','Strategy, Role-Playing, Adventure,Other','Both'),
('Grimvalor','Direlight','2020-04-07','Adventure, Action, Role-Playing, Platformer', 'Digital'),
('Final Fantasy Crystal Chronoicles Remastered Edition','Square Enix','2020-08-27','Role-Playing','Digital'),
('The Legend of Zelda: Link''s Awakening','Nintendo','2019-09-20','Adventure, Action', 'Both'),
--('Pokemon Sword',,
('Hades','Supergiant Games', '2020-09-17','Indie, Adventure, Action, Role-Playing', 'Both'),
('Ori and the Will of the Wisps','iam8bit','2020-09-17','Adventure,Action, Role-Playing','Both'),
('Ori and the Blind Forest: Definitive Edition','Microsoft Studios','2019-09-27','Indie, Platformer, Action','Both'),
('Valkyria Chronicles','Sega', '2018-10-16','Role-Playing','Digital'),
('Ys Origin','Dotemu','2020-10-01','Adventure, Platformer, Action, Role-Playing','Digital'),
('Hyrule Warriors: Age of Calamity','Nintendo', '2020-11-20','Adventure, Action, Fighting','Both'),
('Prinny: Can I Really Be the Hero','NIS America','2020-10-13','Platformer, Action','Both'),
('Collection of SaGa Final Fantasy Legend','Square Enix', '2020-12-15', 'Role-Playing', 'Digital'),
--('MONSTER HUNTER RISE Deluxe Edition',,
('Sakuna: Of Rice and Ruin','Marvelous(XSEED)','2020-11-10','Platformer, Simulation, Action, Role-Playing','Both'),
('John Wick Hex','Gambitious','2020-12-04', 'Action, Strategy','Both'),
('Altenate Jake Hunter: DAEDALUS The Awakening of Golden Jazz','Arc System Works', '2019-05-23','Adventure','Digital'),
('Immortals Fenyx rising','Ubisoft', '2020-12-03','Action', 'Both'),
('Re:ZERO -Starting Life in Another World- The Prophecy ','Spike Chunsoft US', '2021-01-29','Adventure, Strategy,Role-Playing','Both'),
('Morbid: The Seven Acolytes','Merge Games', '2020-12-03','Adventure,Action,Role-Playing','Digital'),
('Shiren the Wanderer: The Tower of Fortune and the ','Spike Chunsoft US','2020-12-02','Role-Playing', 'Digital'),
('Death and Taxes','Pineapple Works','2020-09-10', 'Adventure, Puzzle, Simulation ,Role-Playing', 'Digital'),
('Ring of Pain','Humble Games','2020-10-15', 'Adventure, Strategy, Role-Playing','Digital'),
('Star OCEAN First Departure R','Square Enix','2019-12-05', 'Role-Playing','Digital'),
('We: The Revolution','Klabater', '2019-06-25','Strategy, Adventure','Digital'),
('Okami HD','Capcom','2018-08-09','Adventure','Digital'),
('Scourge Bringer','Plug In Digital', '2020-10-21','Platform, Action, Fighting, Arcade', 'Digital'),
('Animal Crossing','Nintendo', '2020-03-20', 'Simulation', 'Both'),
('The Legend of Zelda: Skyward Sword  HD','Nintendo','2021-07-16','Adventure,Action','Both'),
('Saviors of Sapphire Wings/Stranger of Sword City Revisted','NIS America', '2021-03-16','Role-Playing','Both'),
--('shin Megami Tensei III Nocturne HD Remaster Digital Deluxe Edition',
('Blue Fire','Graffit Games', '2021-02-04','Indie, Adventure,Platformer, Action, Role-Playing','Digital'),
('Pokemon Brillant Diamond and Pokemon Shining Pearl','Nintendo', '2021-11-19','Adventure, Role-Playing','Both'),
('Pokemon Legends: Arceus','Nintendo','2022-01-28','Action, Role-Playing','Both'),
--('Power Rangers: Battle for the Grid Super Edition',
('Disagea 6: Defiance of Destiny', 'NIS America', '2021-06-29','Role-Playing, Strategy','Both'),
('Wicce','CFK','2021-06-03','Action, Platformer, Adventure, Role-Playing','Digital'),
('Ninja Gaiden: Master Collection','KOEI TECMO AMERICA','2021-06-10','Adventure,Action','Digital'),
('Inexistence Rebirth','Clickteam', '2021-06-11','Platformer, Role-Playing','Digital'),
('ENDER LILIES: Quietus of the Knights','Binary Haze Interactive', '2021-06-21','Adventure, Action, Role-Playing,Indie','Digital'),
('World''s End Club', 'NIS America', '2021-05-28','Adventure, Platformer,Action','Digital');

Insert INTO Nintendo values 
('Battle Chef Brigade Deluxe', 19.99, .81, .77),
('Octopath Travel', 59.99, .80,.90),
('Labyrinth of Refrain:Coven of Dusk', 49.99, .75,.85),
('Final Fantasy IX', 20.99, .76,.80),
('Unepic', 9.99,.65, .70),
('Disgaea 1 Complete', 49.99, .76,.85),
('Icey',9.99, .74, .75),
('Heroine Anhem zero episode 1', 12.99, Null,.70),
('Fire Emblem: Three Houses', 59.99, .89,.95),
('Undertale', 14.99, .93,.85),
('Final Fantasy XII: The Zodiac Age', 49.99, .85,.85),
('The Elder Scrolls V: Skyrim',	59.99, .85, .75),
('ASTRAL CHAIN', 59.99, .87,.85),
('Guacamelee! Super Turbo Championship Edition', 14.99, .86, .70),
('Oninaki', 49.99, .68, .75),
('Ys VIII: Lacrimosa of DANA', 59.99, .82,.80),
('Spyro: Reignited Trilogy', 39.99, .79,.90),
('Hellblade: Senua''s Sacrifice', 29.99, .80,.75),
('Final Fantasy VII Remastered', 19.99, .80,.80),
('Dragon Quest XI S: Echoes of an Elusive Age',	49.99,.91,.85),
('Blasphemous',	24.99, .77,.90),
('Mistover', 29.99, .62,.70),
('Raging Loop',	29.99, Null,.70),
('Assassins''s Crreed: The Rebel Collection', 39.99, .80,.75),
('The Grisaia Trilogy',59.99, Null,.70),
('The World Next door', 9.99, .63,.65),
('Atelier Dusk Trilogy Deluxe Pack', 89.99, .81,.70),
('Tokyo Mirage Sessions #FE Encore', 59.99, .81,.85),
('Disgaea 4 Complete +', 49.99, .85,.85),
('Fallen Legion: Rise to Glory', 39.99, .66,.70),
('Infernium', 24.95, .67,.70),
('Pokemon Mystery Dungeon Rescue Team DX', 59.99, .68,.77),
('3000th Duel', 14.99, .71,.70),
('KATANA KAMI: A Way of th eSamurai Story', 29.99, .70,.70),
('Dead or School', 29.99, .65,.70),
('River City Girls', 29.99, .79,.75),
('The Fox Awaits Me', 44.99, Null,.70),
('Trials of Mana', 49.99, .74,.69),
('Naruto Shippuden: Ultimate Ninja Storm 4', 49.99, .79,.75),
('BioShock: The Collection', 49.99, .84,.75),
('Catherine: Full body', 49.99, .80,.75),
('Under Night In-Birth Exe:Late (cl-r)', 39.99, .82,.80),
('Ashen', 39.99, .71,.70),
('Brigandine: The Legend of Runersia', 49.99, .76,.85),
('Cuphead', 19.99, .87,.77),
('Crysis Remastered', 29.99, .66,.69),
('Fairy Fencer F: Advent Dark Force', 29.99, .66,.70),
('Megadimension Neptunia VII', 29.99, .70,.70),
('Super Neptunia RPG', 39.99, .62,.70),
('Darksiders Genesis', 39.99, .74,.75),
('Langrisser I&II', 49.99, .76,.80),
('Grimvalor', 12.99, .76,.75),
('Final Fantasy Crystal Chronoicles Remastered Edition', 29.99, .60,.68),
('The Legend of Zelda: Link''s Awakening', 59.99, .87,.70),
('Hades', 24.99, .93,.90),
('Ori and the Will of the Wisps', 29.99, .93,.75),
('Ori and the Blind Forest: Definitive Edition', 19.99, .90,.75),
('Valkyria Chronicles', 19.99, .84,.70),
('Ys Origin', 19.99, .82,.85),
('Hyrule Warriors: Age of Calamity', 59.99, .78,.77),
('Prinny: Can I Really Be the Hero', 19.99, Null,.70),
('Collection of SaGa Final Fantasy Legend', 19.99, .70,.70),
('Sakuna: Of Rice and Ruin', 39.99, .80,.75),
('John Wick Hex', 19.99, .73,.70),
('Altenate Jake Hunter: DAEDALUS The Awakening of Golden Jazz', 39.99, Null,.65),
('Immortals Fenyx rising', 59.99, .78,.75),
('Re:ZERO -Starting Life in Another World- The Prophecy',59.99, .75,.70),
('Morbid The Seven Acolytes', 24.99, NULL,.70),
('Shiren the Wanderer: The Tower of Fortune and the', 19.99, .75,.67),
('Death and Taxes', 12.99, Null,.72),
('Ring of Pain', 19.99, Null,.72),
('Star OCEAN First Departure R', 20.99, .74,.75),
('We: The Revolution', 19.99, .75,.70),
('Okami HD', 19.99, .89,.75),
('Scourge Bringer', 16.99, .80,.77),
('Animal Crossing', 59.99, .90,.70),
('The Legend of Zelda: Skyward Sword  HD', 59.99, Null,.70),
('Saviors of Sapphire Wings/Stranger of Sword City Revisted', 49.99, .80,.80),
('Blue Fire', 19.99, .71,.75),
('Pokemon Brillant Diamond and Pokemon Shining Pearl', 119.99, Null,.85),
('Pokemon Legends: Arceus', 59.99, Null,.90),
('Disagea 6: Defiance of Destiny', 59.99, Null,.87),
('Wicce', 7.99, Null,.70),
('Ninja Gaiden: Master Collection', 39.99, .72,.75),
('Inexistence Rebirth', 8.99, Null,.70),
('ENDER LILIES: Quietus of the Knights', 24.99, Null,.75),
('World''s End Club', 39.99, .61,.70);

Insert INTO Gamestop values 
('Octopath Travel', 59.99, .80,.90),
('Labyrinth of Refrain:Coven of Dusk', 29.99, .75,.85),
('Disgaea 1 Complete', 34.99, .76,.85),
('Fire Emblem: Three Houses', 59.99, .89,.95),
('Final Fantasy XII: The Zodiac Age', 39.99, .85,.85),
('The Elder Scrolls V: Skyrim',	59.99, .85, .75),
('ASTRAL CHAIN', 59.99, .87,.85),
('Ys VIII: Lacrimosa of DANA', 54.99, .82,.80),
('Spyro: Reignited Trilogy', 37.99, .79,.90),
('Dragon Quest XI S: Echoes of an Elusive Age',	49.99,.91,.85),
('Raging Loop',	19.99, Null,.70),
('Assassins''s Crreed: The Rebel Collection', 39.99, .80,.75),
('Tokyo Mirage Sessions #FE Encore', 59.99, .81,.85),
('Pokemon Mystery Dungeon Rescue Team DX', 59.99, .68,.77),
('Trials of Mana', 39.99, .74,.69),
('BioShock: The Collection', 19.99, .84,.75),
('Catherine: Full body', 27.99, .80,.75),
('Super Neptunia RPG', 15.97, .62,.70),
('Darksiders Genesis', 27.99, .74,.75),
('Langrisser I&II', 36.97, .76,.80),
('The Legend of Zelda: Link''s Awakening', 59.99, .87,.70),
('Hades', 34.99, .93,.90),
('Hyrule Warriors: Age of Calamity', 59.99, .78,.77),
('Immortals Fenyx rising', 29.99, .78,.75),
('Re:ZERO -Starting Life in Another World- The Prophecy',39.99, .75,.70),
('Animal Crossing', 59.99, .90,.70),
('The Legend of Zelda: Skyward Sword  HD', 59.99, Null,.70),
('Saviors of Sapphire Wings/Stranger of Sword City Revisted', 49.99, .80,.80),
('Pokemon Legends: Arceus', 59.99, Null,.90);

Insert INTO BestBuy values 
('Octopath Travel', 59.99, .80,.90),
('Disgaea 1 Complete', Null, .76,.85),
('Fire Emblem: Three Houses', 59.99, .89,.95),
('Undertale', 29.99, .93,.85),
('Final Fantasy XII: The Zodiac Age', 38.99, .85,.85),
('The Elder Scrolls V: Skyrim',	52.99, .85, .75),
('ASTRAL CHAIN', Null, .87,.85),
('Spyro: Reignited Trilogy', 39.99, .79,.90),
('Dragon Quest XI S: Echoes of an Elusive Age',	49.99,.91,.85),
('Assassins''s Crreed: The Rebel Collection', 39.99, .80,.75),
('Tokyo Mirage Sessions #FE Encore', Null, .81,.85),
('Pokemon Mystery Dungeon Rescue Team DX', 59.99, .68,.77),
('River City Girls', Null, .79,.75),
('Trials of Mana', 39.99, .74,.69),
('BioShock: The Collection', 19.99, .84,.75),
('Catherine: Full body', 29.99, .80,.75),
('Under Night In-Birth Exe:Late (cl-r)', 29.99, .82,.80),
('Super Neptunia RPG', 42.99, .62,.70),
('Darksiders Genesis', 29.99, .74,.75),
('Langrisser I&II', 49.99, .76,.80),
('The Legend of Zelda: Link''s Awakening', 59.99, .87,.70),
('Hades', 24.99, .93,.90),
('Hyrule Warriors: Age of Calamity', 59.99, .78,.77),
('Sakuna: Of Rice and Ruin', 39.99, .80,.75),
('Immortals Fenyx rising', 59.99, .78,.75),
('Re:ZERO -Starting Life in Another World- The Prophecy',59.99, .75,.70),
('Animal Crossing', 59.99, .90,.70),
('The Legend of Zelda: Skyward Sword  HD', 59.99, Null,.70),
('Saviors of Sapphire Wings/Stranger of Sword City Revisted', 49.99, .80,.80),
('Pokemon Brillant Diamond and Pokemon Shining Pearl', 119.99, Null,.85),
('Pokemon Legends: Arceus', 59.99, Null,.90),
('World''s End Club', 39.99, .61,.70);

Insert INTO Targ3t values 
('Fire Emblem: Three Houses', 47.99, .89,.95),
('The Elder Scrolls V: Skyrim',	49.99, .85, .75),
('ASTRAL CHAIN', 59.99, .87,.85),
('Spyro: Reignited Trilogy', 33.49, .79,.90),
('Dragon Quest XI S: Echoes of an Elusive Age',	49.99,.91,.85),
('Tokyo Mirage Sessions #FE Encore', 59.99, .81,.85),
('Pokemon Mystery Dungeon Rescue Team DX', 59.99, .68,.77),
('Trials of Mana', 36.99, .74,.69),
('Catherine: Full body', 38.99, .80,.75),
('The Legend of Zelda: Link''s Awakening', 59.99, .87,.70),
('Hades', 34.99, .93,.90),
('Hyrule Warriors: Age of Calamity', 59.99, .78,.77),
('Immortals Fenyx rising', 59.99, .78,.75),
('Re:ZERO -Starting Life in Another World- The Prophecy',49.99, .75,.70),
('Animal Crossing', 59.99, .90,.70),
('The Legend of Zelda: Skyward Sword  HD', 59.99, Null,.70),
('Saviors of Sapphire Wings/Stranger of Sword City Revisted', 49.99, .80,.80),
('Pokemon Brillant Diamond and Pokemon Shining Pearl', 119.99, Null,.85),
('Pokemon Legends: Arceus', 59.99, Null,.90),
('Disagea 6: Defiance of Destiny', 59.99, Null,.87),
('World''s End Club', 49.99, .61,.70);

Insert INTO Walmart values 
('Fire Emblem: Three Houses', 59.99, .89,.95),
('Final Fantasy XII: The Zodiac Age', 49.99, .85,.85),
('The Elder Scrolls V: Skyrim',	59.99, .85, .75),
('ASTRAL CHAIN', 59.99, .87,.85),
('Ys VIII: Lacrimosa of DANA', 59.99, .82,.80),
('Spyro: Reignited Trilogy', 39.99, .79,.90),
('Dragon Quest XI S: Echoes of an Elusive Age',	49.99,.91,.85),
('Assassins''s Crreed: The Rebel Collection', 39.99, .80,.75),
('Tokyo Mirage Sessions #FE Encore', 59.99, .81,.85),
('Pokemon Mystery Dungeon Rescue Team DX', 59.99, .68,.77),
('Trials of Mana', 49.99, .74,.69),
('BioShock: The Collection', 49.99, .84,.75),
('Catherine: Full body', 49.99, .80,.75),
('Darksiders Genesis', 39.99, .74,.75),
('Hyrule Warriors: Age of Calamity', 59.99, .78,.77),
('The Legend of Zelda: Skyward Sword  HD', 59.99, Null,.70),
('Saviors of Sapphire Wings/Stranger of Sword City Revisted', 49.99, .80,.80),
('World''s End Club', 39.99, .61,.70);

Insert INTO Pokemon_Center values 
('Pokemon Mystery Dungeon Rescue Team DX', 59.99, .68,.77);
